system,workload,baseline_MAPE_mean,baseline_MAPE_std,baseline_MAPE_min,baseline_MAPE_max,baseline_MAE_mean,baseline_MAE_std,baseline_MAE_min,baseline_MAE_max,baseline_RMSE_mean,baseline_RMSE_std,baseline_RMSE_min,baseline_RMSE_max,rf_MAPE_mean,rf_MAPE_std,rf_MAPE_min,rf_MAPE_max,rf_MAE_mean,rf_MAE_std,rf_MAE_min,rf_MAE_max,rf_RMSE_mean,rf_RMSE_std,rf_RMSE_min,rf_RMSE_max,MAPE_improvement_pct,rf_better_MAPE,MAE_improvement_pct,rf_better_MAE,RMSE_improvement_pct,rf_better_RMSE
batlik,corona,12.178982497034552,0.4493502069392238,11.24719251749125,13.248621070635982,0.1805357184196078,0.0053143413534315,0.1661721743269996,0.1916667143028742,0.2592359924858504,0.0068433808049168,0.2439357202054464,0.2711211009705379,3.3459244853619867,0.0867264811422449,3.1511442299041987,3.518524318903298,0.0483891956018519,0.0013630437420337,0.0451302951388889,0.0505232638888889,0.0641866873773472,0.0017340981070172,0.0607529633550794,0.0676852492059344,72.52706056374838,True,73.19688534465854,True,75.2400556875409,True
batlik,cranium,3.3081201014310064,0.1009933012430151,3.10066873132383,3.525018570489332,0.0691976098123554,0.0022075078603749,0.0645361491961283,0.0738429993534079,0.0964686978475766,0.0028301929436225,0.0915545696485169,0.1028368400716878,2.009732017773083,0.0436812119409729,1.9111625622939152,2.0880532266458807,0.0404257204861111,0.0010470639028483,0.0380100694444445,0.0426665798611111,0.052638200433963,0.0016492502029419,0.0492909551494857,0.0562079199468987,39.248517098767806,True,41.57931091011038,True,45.434942516656626,True
batlik,cubus,3.951063603532954,0.0931413949021445,3.744264296403596,4.083871885371723,0.2436609729165875,0.0059049927645186,0.2292250890860664,0.2542608138795001,0.3350352667125515,0.0082061069247314,0.3122914513839624,0.3531611049509804,1.875090005895416,0.0533417425109938,1.7717908510607097,1.99484892781564,0.1162819907407407,0.00351603277841,0.1095186631944448,0.1229285590277778,0.1492154512349228,0.0045605761995721,0.1386667510360071,0.1568038795043175,52.542145759973295,True,52.277137635600134,True,55.46276286103803,True
batlik,flame,3.217826126592749,0.078875546507153,3.056780762287829,3.378889622977986,0.0579286884698047,0.0014168448291975,0.055220754133716,0.0613439706528903,0.0769824356201208,0.0017883963968931,0.0733370939559395,0.081676398349724,1.995741384526457,0.0589666615755384,1.8523122860241084,2.144429330792412,0.0360431828703704,0.001081032693141,0.0335574652777777,0.0386803819444446,0.0464237019035893,0.0013975993304336,0.0436400771363352,0.0491513679411481,37.9785822473981,True,37.78008129916856,True,39.69572210903705,True
batlik,france,3.9478214177549993,0.1001883575577231,3.744510460270794,4.103426863495645,0.1459459893011066,0.0034459119579232,0.1383052623245507,0.1519248840920035,0.1930246225180988,0.0045241869224879,0.1836685968515862,0.2037384860092898,2.2554864553820058,0.0451540780536854,2.191756726604123,2.367409488646528,0.0794431076388889,0.0017777591339829,0.0768099826388887,0.083131857638889,0.101889508061726,0.0025342271363806,0.0977859219525901,0.1068962323167046,42.8675662673559,True,45.56677575086571,True,47.21424306778664,True
batlik,frisco,5.0882608688097895,0.1699893693687568,4.781257365416414,5.453226182957334,0.2466526742357684,0.0072738670507605,0.2321394957885315,0.2601905070854516,0.3313207991751081,0.0098270983173291,0.3134348555062123,0.3493498267042184,3.2119933135170298,0.0777043148790981,3.0128824975804283,3.3603094803392284,0.148054722222222,0.0034520337618802,0.1387828993055554,0.1541353298611112,0.1875657091684885,0.0042498720500428,0.1766277205867965,0.1956710080460493,36.87443713418811,True,39.974410299439675,True,43.38848945328145,True
batlik,jelly,16.96174826754286,0.563930333807019,15.636188456579008,18.55312348570462,0.3221846261418691,0.0076284126765942,0.3098548347480007,0.3432938152141755,0.4396499618888885,0.016240049241477,0.4116381108283083,0.4743667063522871,2.3068971339802284,0.0840417293966227,2.155331312433914,2.497024555697676,0.0432919965277779,0.0022603034789337,0.0381118055555555,0.0481268229166666,0.0707163647950673,0.0077786507816836,0.0519170976272911,0.0852632845170295,86.39941415476264,True,86.56298500453126,True,83.91530287157418,True
batlik,karte,15.059511697191429,0.3651117093182935,14.367648282579026,15.941158989842508,1.493433486101677,0.0267791002603929,1.4407180638098191,1.5585562593663436,1.8805824815032712,0.048447399305756,1.7603780169293115,1.9577332141321724,1.914092595948279,0.038552552011692,1.827109757965324,1.977622327115292,0.2402261342592588,0.0065524714045203,0.224777256944444,0.2514809027777785,0.3225179040911964,0.0097947646937515,0.2974315737426462,0.3402745121385264,87.28980969346267,True,83.91450730850268,True,82.85010589732885,True
batlik,mandelbrot,4.606839715490535,0.1314709804518861,4.3790270289663775,4.906082057738819,0.0609697188564196,0.0016632941318761,0.057989339788419,0.0646317540467649,0.0837584326934179,0.0023033891660334,0.0799642225841398,0.0888348809427064,2.113349918070235,0.0551787763780883,1.98302128412976,2.2014338718345066,0.0273564091435185,0.0007846905234762,0.0256409722222222,0.028604861111111,0.035669952988682,0.0009361054093589,0.0335065654843279,0.0368242869264142,54.12582054973437,True,55.13115419157275,True,57.41329936384412,True
batlik,strawberry,5.4699883589038905,0.1988394237868966,5.151282217935382,5.897339137298168,0.0940286560051697,0.0030411747143152,0.0888439316616609,0.0988952700747131,0.1306665804794277,0.0038132661988309,0.1227186678337468,0.1368082279604937,2.3706009135266246,0.0583803413792605,2.25382577557038,2.501034123023333,0.0380331336805555,0.0010147828465244,0.0359096354166668,0.0400388020833332,0.0481946853696347,0.0012426276407128,0.0448989989699877,0.0505446294044374,56.66168265846804,True,59.55155024393368,True,63.11628788875934,True
batlik,village,56.94968631006319,2.472115527264749,50.16042440947699,62.90147096822102,1.7914449909568837,0.0441966048112119,1.7150295620043623,1.910567256106196,2.4545473167742817,0.1029589091013041,2.2388626578066675,2.6715981787438725,2.2059257846781395,0.0665279415097785,2.091467846427795,2.3958946685307283,0.1000240943287038,0.0067448153907294,0.0853921006944449,0.1167120659722226,0.2934638664856384,0.0489322130739977,0.1942724017251256,0.3699759044389938,96.12653567103435,True,94.41656903596706,True,88.04407376952493,True
dconvert,jpeg-large,13.573944886826228,0.2134752679542862,12.876501406181234,14.08384616835826,0.4186740566924771,0.0041744713517827,0.4095054725921341,0.4289413129874317,0.5638740750680945,0.008829020696402,0.545268035878893,0.5861451636040398,2.7830113055674124,0.0457292720878371,2.701000242363074,2.863605752278034,0.0920562299073233,0.0016513530260766,0.0896598413299135,0.0958613632633909,0.1313250123334863,0.0027920603589385,0.1261197926463673,0.1397750607517818,79.49740234860997,True,78.01243510654396,True,76.7102234097875,True
dconvert,jpeg-medium,10.287872150420744,0.1426778056550053,9.846746145783392,10.575493723114937,0.1783982976948107,0.0017506077139984,0.1750376267709557,0.183096578049918,0.2406484687453703,0.0038308251566598,0.2331340655851246,0.250178523679067,2.266029496029574,0.0344990526221007,2.212651231758769,2.3609912986354664,0.0394450335834193,0.0006774422547476,0.0383630318697413,0.0409511761349289,0.0532618975141038,0.0009963395482486,0.0515043534115886,0.0559904443287186,77.97377861138273,True,77.88934418483147,True,77.86734410080119,True
dconvert,jpeg-small,3.489690047118615,0.0367912212531004,3.4235922254276225,3.5642718428603324,0.0149668092135821,0.0001637811351773,0.0146768652906637,0.0152651228689474,0.0190825045728085,0.0002629044425626,0.0184303109115666,0.0195238443830103,3.3884713520274814,0.0607894851503637,3.2146224583456555,3.5320073978791653,0.014536964974513,0.0002581456003698,0.0137402637608124,0.015158929040597,0.0188236948813499,0.000357482581603,0.0176382002852338,0.0196656973798468,2.900506741987259,True,2.871983152421188,True,1.3562668908115278,True
dconvert,png-large,9.29312089419803,0.1247694313820957,8.908862156232637,9.514718617787052,0.2192655255945247,0.0025508629033324,0.2140334122108038,0.224087448955437,0.2798356094472051,0.0049650904171456,0.2717224881682905,0.2924859159391517,2.514672836013618,0.0340791092820568,2.43880391923378,2.5841652549502245,0.0608845313100884,0.0009217367247583,0.0591727562815596,0.0632194023130581,0.0805823620031937,0.001308576405756,0.0783670173748233,0.0852106064506573,72.94049152439625,True,72.23251072187303,True,71.20367841591772,True
dconvert,png-medium,3.563223050576188,0.0446087721946604,3.4982824951768583,3.658990827579981,0.0231521528629893,0.0003001361500126,0.0225647965708832,0.0237576243425558,0.0292331246774713,0.0003945735054114,0.0283165793273449,0.0298338905686756,2.737784624733466,0.0335065473495152,2.649274779611672,2.804021960702232,0.017374518563294,0.0002097395965245,0.016809400953425,0.0177464749262332,0.0220422341917559,0.0002708596924952,0.0213990704734807,0.0226707177252453,23.16549972108104,True,24.95506285694642,True,24.598432651495198,True
dconvert,png-small,3.3035440022088656,0.0508512023100782,3.19192112647515,3.4166950181267226,0.01484881848654,0.0002451777230491,0.0143060221569913,0.0153435629512687,0.0196305707206908,0.0004215761860973,0.0187659111067121,0.0204573993706948,3.515873468925785,0.0388310317293723,3.443082743883077,3.623467456843174,0.0157463982062627,0.0001912822462802,0.0153909401028942,0.0162405359132088,0.0207650487543217,0.0003833992361514,0.0201498654914627,0.0216727436577248,-6.427323703723892,False,-6.0447888196379225,False,-5.7791393320783655,False
dconvert,psd-large,1.4381112134142298,0.0163462180643482,1.410123196727091,1.475287246579326,0.5382117401458874,0.0064947890657436,0.5244203878569756,0.5549903345315549,0.8802723429634101,0.0184158527084101,0.8456738391169952,0.9324937480147432,1.5651207298287455,0.0313780659953567,1.511523945764749,1.6262497561304978,0.5869910060757898,0.0120480304628858,0.5678569321097974,0.6123584461196563,1.0001953905196654,0.0193620415135972,0.9656635704562532,1.04590420337222,-8.831689456963595,False,-9.06321105457127,False,-13.623402861043902,False
dconvert,psd-medium,5.207159450683232,0.058011046166676,5.084423014769008,5.298683216172603,0.0676100106260555,0.0009281491709805,0.0655278124642784,0.0697086122577038,0.0895324531237265,0.0019509847564879,0.085445243437598,0.0944323212212976,2.528647444552911,0.0330847470152845,2.464016144147472,2.6052984478902323,0.0325385713087439,0.0004521915324244,0.0314903249491101,0.0334820947311607,0.041678939034346,0.0007413647213589,0.0399757286736565,0.0431276357320992,51.43902412627048,True,51.873145696261425,True,53.44823292538502,True
dconvert,psd-small,3.571612159086269,0.0512511367447274,3.4832712791476284,3.65030064706806,0.0200047918499371,0.0002876468633846,0.0195071866125532,0.02045389450853,0.0249087259736684,0.0003406838400885,0.0241744861849321,0.0254751776924563,3.7832241034451126,0.0576023482597901,3.6566002606744497,3.924302438922634,0.0211404752451183,0.0003138736756967,0.0204581938571908,0.0219014003087864,0.0267849243838216,0.0003816270609421,0.0259455751561585,0.0275401696466003,-5.924829878868499,False,-5.677056795693526,False,-7.532293751742163,False
dconvert,svg-large,2.040748600069891,0.0226436886088786,1.980858658758669,2.080146638441048,0.0307568608376391,0.000353814559625,0.0298027499146939,0.0313391894508273,0.0392697130851486,0.0006027270207108,0.0378231352081153,0.0404785134928218,2.3325528713560737,0.0313143464534522,2.257953828428903,2.408615095655295,0.0351129130311864,0.0004723317626398,0.033932273809509,0.0362607505970526,0.044953635688841,0.0006608985635968,0.0432474354784505,0.0462412889120454,-14.298883815291564,False,-14.162863422708366,False,-14.474061960595266,False
dconvert,svg-medium,1.725830232475965,0.0218551801299367,1.6747179763928342,1.7758962582008306,0.0265631181261164,0.0003462886039699,0.0257597738799641,0.0273621394236648,0.0332064261116451,0.0004191427174624,0.0324912164057842,0.0342162748979177,1.9301875992333943,0.0214730701466703,1.8685744243389877,1.9675381880759912,0.0296979375138006,0.0003378213428658,0.028740680176409,0.0303139952040477,0.0373019394800968,0.0004810896472183,0.0361961229745109,0.0382039602232866,-11.841104815057495,False,-11.80139836295085,False,-12.333496398203039,False
dconvert,svg-small,3.599711463645181,0.0360238962754282,3.530370246315916,3.663641406223629,0.020296156659483,0.0002069934267628,0.0199447030995338,0.0206728953984517,0.0254421784127877,0.000259721171837,0.0249063670174707,0.0259159654706973,2.570298494030307,0.0375997329996845,2.501982892932536,2.6381550001487795,0.0143872552789143,0.0002099200653243,0.01398663373303,0.0148014654989593,0.018209756853977,0.0002722400751525,0.0176666628285785,0.0187243119461248,28.59709673987198,True,29.11340053047864,True,28.426895847784607,True
h2,smallbank-1,5.669164348560636,0.132524153871159,5.488592114963106,6.002096072289886,1111.536537111726,25.759471717771845,1067.7397826958704,1181.351488940281,1339.4669559228205,26.194311237358143,1287.3393116783757,1401.1994329115098,3.7856861506971455,0.0874399989427584,3.582067807357496,3.945980285689412,723.6845426569921,15.72764931936384,689.5550628047935,756.8232293092249,939.7387152452262,18.995118300183847,904.994742617314,972.5758925210778,33.223206844262556,True,34.89331942812681,True,29.84233682735406,True
h2,smallbank-10,4.5873334235543535,0.1193393264386811,4.364646085079213,4.839777141724863,623.3521558038439,14.85311263823428,587.3988069510508,648.5777502258869,753.9211653762666,17.540282647308246,714.1001390271348,780.914621835158,2.162307166286568,0.0776628724772342,1.9855007133480584,2.390423920799192,289.7402832605848,9.489570950844987,268.1441834264871,317.2907797566683,395.1818466788905,16.474976114132804,369.48310276107895,434.5338198564856,52.86352731231882,True,53.51900517822864,True,47.58313404271342,True
h2,tpcc-2,4.16992953103214,0.0781135147912865,4.041260826580724,4.323965355617632,30.432807996828856,0.5196893894261148,29.442070505204622,31.49239938057117,37.57940177005234,0.5953356381791928,36.59778163015776,38.509338993896286,2.821173464703662,0.0624523248502152,2.681578882856466,2.944819877780378,20.592573430671937,0.4513585732363331,19.519453021263,21.544088048067067,25.801507534372,0.6110954419252813,24.57861507348009,27.142156962642844,32.34481677187082,True,32.3342971413689,True,31.34135638387502,True
h2,tpcc-8,20.41634201896295,1.16125422023817,18.04534016257682,23.27919254078392,107.23471265017947,4.041660876291502,99.4309473346866,119.03415323293724,162.69932637674322,4.467677133077543,153.6276033305709,174.31288385222263,20.37697057841385,1.2541196147615803,17.456391641557968,23.742740709503853,108.35956158050035,4.949080232143983,96.6460026549558,124.45832076864662,174.63135625347957,6.0301940147989,159.26140943453356,192.4676598211068,0.19284277522649101,True,-1.0489597095208865,False,-7.333791812454582,False
h2,voter-16,7.562883481240576,0.0992714789290503,7.327965057860171,7.738081629023354,2384.835683770437,23.55992034427783,2325.623915408904,2422.118354845125,2646.9512739874813,32.92871731275856,2555.0062666002973,2705.134593290244,1.74048025262749,0.0383357405747102,1.65716203890119,1.80775571351024,562.9701792772207,13.611475336863096,526.4633353392818,585.2920331890598,758.5863166581686,22.67328552823351,704.3239714646946,803.9017500752052,76.98655206119888,True,76.39375395510847,True,71.34113029910817,True
h2,voter-2,7.920813270813962,0.1092036560893793,7.732788192957793,8.259561154127208,2486.86365111772,27.48215990277111,2438.859914144031,2555.7886735209054,2754.88537142526,36.91230400540736,2674.577885836269,2821.298698061753,1.6921744338898062,0.0533952190204572,1.590728488682527,1.7876479386703663,541.8369383867782,18.685496727750547,508.95837854704746,578.5922227507547,760.3262211642489,45.79526024917231,670.689655848593,840.6077378893758,78.63635492929738,True,78.21203674985358,True,72.40080371217448,True
h2,ycsb-2400,9.039111385756192,0.1834760033340278,8.555340792066175,9.306581796326146,1270.2980245879126,20.88852842939332,1216.0132069276897,1306.2542306509074,1562.877125777955,31.87862096646986,1496.1886029646334,1632.7982235055194,4.0361715607209,0.081190058483414,3.8747942861904674,4.22867760068003,565.0691381536541,12.916035783250187,538.588686505157,596.9512327562218,716.8616495699978,17.10582278766302,684.5513264388186,754.6655065171624,55.34769527145015,True,55.516805724627986,True,54.13192516889869,True
h2,ycsb-600,8.394284619217284,0.2102833114409853,7.842834477840524,8.847936443116168,1680.2592656361787,36.35236948316962,1592.3604882595844,1769.450323730777,2072.763514617828,47.71991341589617,1968.4527102981465,2168.436964331749,3.5122417711474463,0.0873781365382265,3.34112033982647,3.682603911197037,720.3641734691768,19.46633556834854,683.6011593341856,770.4212560144819,954.9108959391916,27.17973731335917,913.0012488781588,1030.6363654644647,58.15912933060709,True,57.127796394181296,True,53.930543006723276,True
jump3r,beethoven.wav,25.760934477879395,0.4461983091057817,24.762744882788933,26.55619134352301,2.248147700289629,0.0488998375494629,2.159845823304056,2.354711787196289,2.897104037947109,0.059020196409112,2.790167907300245,3.0092764461348565,16.041284906259683,0.3276257275583965,15.474194631263089,16.62656332849383,1.6215914386896004,0.0431383751364163,1.548936300241228,1.69901611239889,2.398526526597095,0.0646799818479265,2.2842955168538537,2.522189021105818,37.73019018376782,True,27.869888687442963,True,17.209513528665212,True
jump3r,dual-channel.wav,23.390115438631717,0.5409867506493984,21.67352691507779,24.27880895943514,0.6151194862027283,0.0126263427342615,0.5806937608032171,0.6405038050924998,0.8525546668668443,0.0219010072388005,0.8147097245108517,0.9077182519389174,15.514874149644246,0.3146451850062771,14.775379217999973,16.285147052631014,0.4528403080894031,0.0107844036790548,0.4321251564898055,0.4763269980543312,0.6649776237521453,0.0171553265742592,0.6316772917301688,0.6979794711215362,33.66909970859109,True,26.381732615090968,True,22.001761342067187,True
jump3r,helix.wav,25.36784462041861,0.660597490445579,24.163513227226137,26.5363662630084,1.0999942915187442,0.023814840073253,1.0598025262134227,1.1488736485335085,1.5712602540313003,0.0901436547874875,1.433248935338559,1.7466246781684416,16.01042735232354,0.3661216823827102,15.397721312230026,16.766042897207782,0.8354920338742459,0.0237926234018575,0.7869131237762209,0.8800156000581557,1.302254025348769,0.0899065109216483,1.1978505754034388,1.5598240238414955,36.886922827346844,True,24.045784572145763,True,17.120411974550745,True
jump3r,single-channel.wav,18.9640644415732,0.3797425116634932,18.31819044191388,20.02879568732535,0.3240357539356112,0.0064899614435822,0.3149750404964364,0.3385002098296237,0.4266947968011853,0.008551121077026,0.4140173742698994,0.4480487790503531,14.070950561710651,0.2618600288939423,13.494789212912629,14.539054706879345,0.2578431597481039,0.0064904971897073,0.2471712518606696,0.273744339083118,0.3653013858852623,0.0088929012804987,0.3487263418827468,0.3890181529373765,25.802031494555667,True,20.427558805952117,True,14.388132073831864,True
jump3r,speech.wav,19.976707107895777,0.4122501470602546,19.20887244564897,21.059260346812884,0.811538336900963,0.0135586143605086,0.7726554710353053,0.8316239792427847,1.0242227130019357,0.0176787594147558,0.9732638707524544,1.0546547069654957,13.60170229183992,0.3157517043278257,12.93532015485585,14.28552494409788,0.6197321149473901,0.0146655870504465,0.5934108923988007,0.6420400854852414,0.8749372522507153,0.0191942357712405,0.8392474778649367,0.910008192240994,31.912190440716532,True,23.63489353885942,True,14.57548820741083,True
jump3r,sweep.wav,11.939896787124267,0.1980328543631582,11.62973292787856,12.375410976492068,0.0695000684407516,0.0013485071599146,0.0672362633559951,0.0724476527124663,0.0881329481061969,0.0018001119765409,0.0852310272652642,0.0916071919718073,9.088859798325364,0.1759296317552157,8.65387647832317,9.39071064908454,0.0551470059655941,0.0013316842803136,0.0520776499230752,0.0578841913318025,0.0776145940046032,0.0018565365675733,0.0740646752547128,0.0812010064680068,23.878238142505563,True,20.651868116350713,True,11.93464456552557,True
kanzi,ambivert,147.6528686371689,9.174888288521664,128.0830239670753,169.2075349252224,17.13177545414621,0.4448592703236227,16.203163802817738,18.02162305313376,27.46557727766843,0.6756939353800872,26.07276831771228,28.70264078507104,6.318612550308073,0.4850839617795772,5.65897813857715,7.864265177118869,1.0339844084278778,0.0631355379478938,0.9113126823338756,1.20416219611021,2.2492345756480416,0.3051307537302544,1.7968808186387413,3.341227294062694,95.72063000967833,True,93.96452275950399,True,91.81071436107466,True
kanzi,artificl,48.10399325036771,1.819461592381583,44.374795803475344,52.13223568512376,0.1996019563086208,0.0050205086965588,0.1915906957546245,0.2101767038760844,0.2922144434906416,0.0075485290712382,0.2769276553718821,0.3082175370000033,4.234653988558436,0.14813952318496,3.967762103575593,4.586730828287929,0.0213094003241491,0.0009992798405558,0.019483549432739,0.0235738654781199,0.046531141308035,0.0037251164948375,0.0382257100765832,0.0535599523406488,91.196876387126,True,89.32405236990718,True,84.07637187532615,True
kanzi,deepfield,1769.3290941688238,130.71056313527055,1569.6450848621278,2097.04153885116,19.00343982340363,0.4189664157372375,18.112855276778568,19.62610498670056,28.823291614575265,0.7004341294920804,27.340655779600887,30.17297259633245,5.077153125533124,0.3556570145213134,4.356328711889994,5.7854620464838105,0.7878083292814695,0.0668884648333498,0.6863941653160434,0.9875885332252856,2.18540712249164,0.3782004864487323,1.6011456313577592,3.5061210149827744,99.71304642294834,True,95.85439090710702,True,92.41791273628675,True
kanzi,enwik8,274.517533441793,16.825911251826852,242.6442986340463,317.27013539981834,39.721264202554224,1.0161932276171093,37.60273667532021,41.48098890371889,61.80394792355239,1.6179947814035995,58.74254379607897,64.86687098558211,6.298069504411582,0.3569919908985046,5.656016608503757,7.4786171281376355,1.606902052944355,0.1013049576131399,1.391426215559157,1.843535129659644,4.128617242418692,0.6451832606662585,3.063613495436833,6.532343736250502,97.70576785189317,True,95.9545546064442,True,93.31981632059244,True
kanzi,fannie_mae_500k,427.39406859296935,26.04539262695757,372.8661828187151,493.18225727586815,34.90473428678238,0.8495391128260744,33.22085664729857,36.2742323442405,53.35403089412993,1.404970949064681,50.72193282487568,56.01060313660819,6.558451524138719,0.4676587522800481,5.924702408377844,8.247525534445941,1.068717512155594,0.072752547541811,0.9136525931928696,1.2178199351701835,3.243414683419352,0.3886620439962138,2.476418352380079,4.376788785416702,98.46547904940985,True,96.93818751526697,True,93.92095661927542,True
kanzi,large,147.12245164917616,7.20184850021375,130.94206578172802,167.2435568225311,4.404209869179881,0.1094069824893355,4.180299357613771,4.58608059916094,6.824975085190045,0.1795275897826894,6.486441254092751,7.155765984530137,5.162191816867774,0.1839427459589834,4.908908433487149,5.540236612800623,0.1837092558076717,0.0090076589611684,0.1607555105348461,0.1974528768233394,0.4240357312936518,0.059679810939341,0.3245102422384631,0.6412902627927203,96.49122770929799,True,95.82878061526436,True,93.78699957141536,True
kanzi,misc,47.81864267064107,1.5436441703819097,44.57850711257962,51.61983672263515,0.4072864950469252,0.0092796837949617,0.3899376080902624,0.4232906685974765,0.6094232444330496,0.0147202241741762,0.5823146793740235,0.6385953682267208,4.573393776545176,0.159008426267075,4.287161658471099,4.984122494040633,0.0374448595353863,0.0014566538531066,0.0342318881685576,0.0404147082658022,0.066042762618726,0.0049789942161672,0.0551994857522202,0.0755429641645401,90.43596070251263,True,90.80626046020207,True,89.1630712773081,True
kanzi,silesia,306.0787724347266,19.3298018529908,271.3181145849127,351.46806958092446,82.71029639701588,2.088419836983606,78.2831141519857,86.21673863124562,128.4149578013773,3.3536663708990284,121.85177627400604,134.38668263848922,6.083895561456316,0.4335446087187673,5.304526336339686,7.505524329173789,3.0911441153430608,0.2103212690215592,2.6090539708265874,3.477364303079413,7.78666909926322,0.9839916276557916,6.17168021492988,11.084519541718064,98.01231051958897,True,96.26268523993032,True,93.93632234703759,True
kanzi,vmlinux,2868.7001184435544,148.78117295918068,2606.991346306863,3280.906935671165,165.8738867034237,3.230489305578282,159.5720312436557,170.8589243883403,224.9144225891048,4.2307068273584,218.43616117801295,233.75665694682812,6.465176648759088,0.2622366889560576,5.933574677536267,6.976448302349891,6.438118322528362,0.371491002290564,5.647963695299831,7.100043273905992,21.741541997993604,1.218935555586111,19.86371675344505,24.284295198762823,99.77463044648017,True,96.11866674708148,True,90.33341581757381,True
lrzip,ambivert.wav.tar,159.1431019070801,36.27472797079896,111.51252318157616,269.7732230282766,14.267585784119822,1.5912720942882073,11.846052970869705,18.46779008390113,22.51590303647443,3.722975439364136,15.677339876060495,31.313026687492705,206.2782343746726,46.259695484577456,144.4152506750497,341.4010151783079,16.663574195402308,1.6609002036846756,14.269773275862065,20.43637931034484,25.117915332737123,3.1153976262076704,20.13726415329153,33.19176887798104,-29.618080773060196,False,-16.793229405000538,False,-11.556331060973157,False
lrzip,artificl.tar,1347.164915048343,270.502776622398,834.6469055679883,1930.8885206804607,1.251149094421922,0.0596161616306863,1.1610703342508992,1.3727176395348843,1.402759830599657,0.0860556650482872,1.2503787294192743,1.5923108159666428,1225.8436150580892,279.6093508293474,551.1498057745864,1868.8831827805443,1.1462125862068964,0.0772879719138527,1.0156318965517237,1.4179198275862073,1.3518958805748886,0.0981530626534673,1.1796265256975658,1.6519087845971736,9.005675447382037,True,8.387210499761434,True,3.625991343295365,True
lrzip,deepfield.tar,158.31483142186806,36.10353026344258,111.23243242386724,270.80723648387755,13.97401779731062,1.608506235295157,11.79346174468748,18.26118604564844,21.833575294330696,3.611366122766616,15.8966635823734,30.21778837309983,204.63579265672303,46.66235458697477,135.53807800138452,342.118661854362,16.267896091954025,1.7193373346600986,13.795985344827592,20.092639655172423,24.338123383060005,3.1052505128745413,19.619826993613124,32.16740446355303,-29.258762946487042,False,-16.415309669098004,False,-11.471085495464587,False
lrzip,enwik8.tar,109.93415620590486,19.861675660611027,76.8945849051151,165.31426523019456,18.93097649401084,1.6674387251532838,16.355292897589838,23.81705087891821,27.336102701234985,3.6865428553601074,20.6594284375892,36.68942789685741,137.9362878399996,26.259937558900397,90.4447560900832,202.2648247220189,21.555017959770108,1.7380611284145118,18.936055172413784,26.389383620689657,30.203671828897352,3.0354000967533223,26.181924318881805,39.53237143452001,-25.471730170600686,False,-13.861099381690284,False,-10.490043730823476,False
lrzip,fannie_mae_500k.tar,11.977483973602368,0.9751635624003894,10.565489975473891,14.624365224050464,5.196967680734711,0.4976716738608057,4.43878841744627,6.741781432387474,7.482909354014641,0.9977650048621924,5.571994456726773,9.968822660913233,14.01235383744101,1.314894951900948,11.775945804857622,17.238876222116044,5.927964137931041,0.5604795728366742,5.114971551724148,7.673743965517249,8.251987900820973,0.8792181145090205,6.967363737519768,10.90118920166393,-16.989126166425013,False,-14.065826499290191,False,-10.277801192309182,False
lrzip,large.tar,97.7530542118247,17.169099258853773,69.50370532926698,148.51706519298384,2.2398167786620005,0.2053024500120595,1.839776560171696,2.738334505476312,2.999902842429061,0.2925779201648253,2.308746689621335,3.606151672936599,107.46547486330196,20.15292854052276,71.86596496568666,164.43294548835095,2.4640658620689675,0.2292258798398545,2.0138767241379325,3.1623836206896563,3.2420553693396954,0.2784885147727182,2.671587773579538,4.007987074714388,-9.935669764784082,False,-10.011938723886457,False,-8.07201231605756,False
lrzip,misc.tar,264.76444879012564,48.587848274628335,171.3629003937643,381.3748602898707,1.2541835669928454,0.0681307724790093,1.1415568989555491,1.3680741609117295,1.439056787533104,0.096839524689916,1.2781495479827767,1.6497948354029437,248.1830113756699,48.972978856959166,124.23444887732538,375.96411517578326,1.169860574712644,0.0896894326758317,0.9814775862068972,1.4247517241379304,1.4158483522373035,0.1067414391926608,1.1765065811985278,1.658942106096324,6.262712947386515,True,6.723337356618576,True,1.612753262891408,True
lrzip,silesia.tar,127.69615209706976,24.37820375704482,85.8028507678534,195.0688965433616,31.869696262269745,2.6830750425415952,27.433219035118587,39.963983593914215,46.03610688057981,6.252898475020657,35.32721734472974,62.07036255014348,161.84649298301818,31.375463032584392,106.69871728360604,236.0574632730744,36.38568474137932,2.986563569050464,31.81368017241381,44.46299655172415,50.90005835515136,5.221522320691865,43.25108387923552,66.47143015440467,-26.743437703579847,False,-14.17016479211324,False,-10.565514341142936,False
lrzip,uiq-32.bin,208.6802852955801,43.8693188874218,130.27629347013414,327.97455871380583,53.333075171913926,4.428259560903437,47.11413185113389,67.28456882417099,77.31870232720038,9.563542889818876,64.1224980989876,101.305896196029,264.43275065226334,56.68655923949713,169.94270886241355,398.3403999388503,60.27829419540231,4.840385212578573,53.75785862068966,73.95586465517242,84.1329096558423,8.313589581323814,73.28174434721195,109.66534731283134,-26.716690212357157,False,-13.022348704066196,False,-8.81314238798949,False
lrzip,uiq2-16.bin,188.94982077927068,39.65389761785264,122.17937298422127,294.07427260953074,29.11752408074705,2.5022587465859063,24.56029950526193,36.22965450582926,41.97922939283548,6.118911460742607,32.69098659598025,57.09477267286158,244.0223434962581,52.65528202447776,150.93728903071354,368.5518781359685,33.58252678160918,2.696850099326542,29.196762068965505,41.1878,47.11582262130399,4.895219099411826,39.72308343157643,61.439845926131056,-29.146639298124867,False,-15.334417474782688,False,-12.2360350648675,False
lrzip,uiq2-4.bin,123.23781999559029,25.24317948271518,89.9886052971366,203.00142726955943,7.006704021497317,0.7454953866861479,5.822724745837108,9.073233191630235,10.52120177969839,1.606270837954158,8.023966769161673,14.41951408974036,157.01143943876593,32.78371583778703,103.75203713109306,254.45066028681097,8.186026551724137,0.7965122362125793,7.100731034482757,10.346339655172414,11.804891163643036,1.3432674665651996,9.702719771558284,15.638924695255724,-27.405239271827547,False,-16.831345046237605,False,-12.200976759343598,False
lrzip,uiq2-8.bin,150.14602334988518,30.42217029992722,102.31095430663044,234.81420681293545,14.535931724655184,1.3604454248394882,12.13022039679118,18.328294770724163,21.144976951333128,3.1184013825647297,15.74099880495055,28.67333760537815,190.7600112094912,39.14221346908014,128.45499323690566,282.518345289711,16.683134137931035,1.481703909156343,14.418556034482764,20.64336206896552,23.540092517821712,2.567228712344695,19.986406833703956,30.996803579950814,-27.04965936058345,False,-14.771687525429583,False,-11.32711363082181,False
lrzip,vmlinux-5.10.tar,78.44795258885634,14.360446658552007,59.41084995734381,124.69442244521926,4.575913791099619,0.4851145199122064,3.868715938977085,5.793756972861274,6.725672969978964,0.9607511339765862,4.90295250127139,9.010319801244044,95.7713834464867,17.134192597869337,69.6572332124611,146.66555331261983,5.273559683908045,0.5111441106041479,4.436959482758622,6.655239655172411,7.455500532345439,0.8316856193795722,6.26873470933604,9.800305484388105,-22.0827061585941,False,-15.246045372738074,False,-10.85136856377299,False
x264,Johnny_1280x720_60_short.y4m,88.25980439863835,4.96015652719655,80.79988668491649,102.06235732907976,2.5822303216409064,0.0509167845526456,2.5062278027925395,2.6776921404305773,3.3628959853417024,0.0726161347782952,3.240404842696533,3.5573013363334325,12.898357998256426,0.5400186150781743,11.89511723413225,14.327254326993732,0.9677870496952932,0.0569515298268302,0.8731370230447644,1.07913011101764,2.285414636187978,0.1113276400061226,2.058539952256605,2.457822280724437,85.38592048085773,True,62.52127311864643,True,32.04028176459469,True
x264,Netflix_Crosswalk_4096x2160_60fps_10bit_420_short.y4m,77.95124026083411,4.22730174448009,71.36594480984726,88.8707350121415,8.756717808837822,0.1677007406756475,8.529907438684665,9.063857018158975,11.296347645712078,0.2264062785729844,10.942300158845937,11.82062211994008,12.145970828841977,0.482494981998596,11.10633666743435,13.370694019381894,3.3101534275845004,0.1866143461774232,2.9860589114280662,3.683850876669725,7.539676464206098,0.3648956179684482,6.7789534840508745,8.083472091780534,84.41850214544358,True,62.198697047840355,True,33.25562650271264,True
x264,blue_sky_1080p25_short.y4m,78.0697647601622,4.402340492966924,71.27456145877453,89.35974498708772,3.158743324196832,0.0611078577598607,3.0702811033761024,3.265788422463692,4.075705667075732,0.0835087644274433,3.957089397032018,4.2559383081661295,12.423043183743436,0.4966402425374565,11.270912026915166,13.475098452628211,1.2052726454327751,0.0679107872045205,1.0909841809421827,1.3337729034108303,2.7479510937192706,0.1380977362114872,2.464790058774397,2.961991235510105,84.08725423740137,True,61.84328634111992,True,32.57729291107296,True
x264,pedestrian_area_1080p25_short.y4m,71.37683607228266,3.93614349697219,65.3673867425094,80.86895253406675,3.587437576233587,0.0750256843114644,3.4457331317850004,3.7429820442615367,4.635317687258889,0.0922567846321358,4.464022003381756,4.833201624033158,12.391167786072636,0.520976475318382,11.212989412565072,13.33114257672015,1.4136023615234898,0.0818465275490877,1.2714615039002748,1.5781774010910583,3.1803074877386366,0.1612461480328699,2.854524615568207,3.440918023493826,82.63979118726387,True,60.595764205390964,True,31.38965433846407,True
x264,riverbed_1080p25_short.y4m,65.96999200418014,3.6922980877088767,60.20812666262601,74.10298408484537,6.698200538152045,0.1509655328391203,6.397671166422026,7.085027656042558,8.852068488780175,0.2018273775235743,8.457829497026218,9.383259632245892,12.69463199798203,0.5225037683355381,11.53678208490386,13.400177691314893,2.7138506847351493,0.1482498278983125,2.437125598615784,2.9802872341184874,6.119648696860208,0.302914632205432,5.54083869125631,6.621995385997563,80.75695992629855,True,59.483884227152906,True,30.86758530374291,True
x264,sd_bridge_close_cif_short.y4m,51.94907397397235,2.3700939671854955,47.863394578430494,57.6009446799433,0.1420323015281629,0.0026843391445565,0.1359003576322537,0.147634262389595,0.1819179082736921,0.0035369620438898,0.1734518570227759,0.1902077080871451,9.167526656167984,0.3827020789711081,8.4723142052075,9.993156012715462,0.052923572259958,0.002710016514002,0.0484909218330443,0.0590608435301314,0.1157057830903955,0.0054628078365003,0.1066945470404725,0.1265792812051961,82.35285837672271,True,62.73835480342193,True,36.396705421481485,True
x264,sd_city_4cif_short.y4m,82.6653948404496,4.5247844214117,75.72411079748905,93.93573719385536,1.485768009672943,0.0296471443593656,1.4233642362784222,1.5440079551793433,1.908805980308876,0.0355327320960328,1.831311872101539,1.9859532441168504,12.548535303741764,0.5558485163821721,11.406641290633628,13.951321626430424,0.5540844666375537,0.0337649777935115,0.4953656797015736,0.6251316952177014,1.2813210909779016,0.0656800985595626,1.1587012891427264,1.3943448807990615,84.82008665420231,True,62.70720172797889,True,32.87316237501713,True
x264,sd_crew_cif_short.y4m,62.2500509641126,3.1617128561795576,57.17512224103045,69.50344093320324,0.246882565748176,0.005095323373851,0.2351813864380781,0.2576520009053655,0.3192554493112624,0.0065850525287004,0.3036416790010787,0.33189973939878,10.78725388272642,0.4529275183110914,9.821886456853347,11.511243450517329,0.0937136536443125,0.0052334831168864,0.0835947513893137,0.1030164049276027,0.212164202345182,0.010459462622766,0.1878896278875512,0.2253614480198237,82.6710922872251,True,62.04120231806816,True,33.54406234791323,True
x264,sintel_trailer_2k_720p24_short.y4m,51.32428783562802,2.4329887557466594,47.28664538321234,57.72820006175111,0.3721881180271826,0.0056452752009806,0.3615446591597821,0.3814893110750777,0.4685830281263562,0.00760424343994,0.4535077609924521,0.4818484804482217,9.782058661403566,0.39502236070248,8.85538858658877,10.43216872795017,0.1472619317810382,0.0081430999395288,0.1312152363107985,0.1626457611909861,0.3353307572245926,0.0175022592415855,0.2959102391750915,0.3657202028398435,80.94068310751481,True,60.433467741631944,True,28.437280674585452,True
xz,ambivert.wav.tar,135.3843101750014,6.831388515341927,118.58740966026856,146.75890102030843,13.202439284489698,0.3205403994368091,12.392519309531483,13.801840443837396,17.08966381256702,0.4593739418815447,16.17113130281926,17.993929798062393,2.563695052885576,0.1827859129446519,2.2588998622211856,2.997390890489426,0.594691660947471,0.0439534613109541,0.520891926388891,0.6828108367063479,1.479143841738622,0.1647868466921326,1.1323609516304514,1.7619269307642638,98.10635733965651,True,95.49559253306987,True,91.34480433341865,True
xz,artificl.tar,29.30222920835427,1.2125935453909331,26.054269943728382,31.407619382909477,0.0064155955843926,0.0001381148020594,0.0060925683889518,0.0066410509450313,0.0076446692799755,0.0001685558406655,0.0072754708537313,0.0079208454528904,30.37610956875299,1.2981667723509578,26.64578961640211,33.054785945767165,0.0067144802184543,0.0001713373768816,0.0063022593253968,0.0069940084325396,0.0081633266167961,0.000200650181403,0.0076472159766718,0.0085111227588804,-3.6648418547369452,False,-4.658719991465874,False,-6.784562128530205,False
xz,deepfield.tar,62.01598246993522,2.5595374582406705,56.59604650263056,67.78236479738578,5.736223435642283,0.1761799854939598,5.470952870894015,6.117258239437702,7.936684426015705,0.5721936722166999,6.9682782389558815,9.118799661514316,2.583498485441717,0.1132978009114106,2.4222984545540145,2.824599748093364,0.372856844349446,0.0196821815939995,0.3450231681216923,0.4174487402777763,0.6762149493985,0.0919889205172281,0.5596675068041258,0.8520637729538159,95.83414084152554,True,93.49995953726832,True,91.47988110523923,True
xz,enwik8.tar,201.8411819012701,7.977306940034118,187.0188545890253,222.5829853958521,71.851469044056,1.6447810434465124,68.79007290866983,75.221162486623,94.24274043705896,3.707081103241135,86.09980818668478,101.94204778957403,7.637076543432224,0.8327373821901433,6.476528963711393,10.26578060003008,9.693551438696089,1.0009806923027278,8.3470058083664,11.975807768055557,33.88524535940571,3.7658899613132375,24.524591890941736,40.24625737573288,96.2162941816463,True,86.50890292479274,True,64.04471559054849,True
xz,fannie_mae_500k.tar,92.33647309507153,3.3697070119819523,86.3011058297061,97.95249577215502,30.348076740743394,0.640425958931468,28.778931380103945,31.398078013975123,36.163126817003786,0.7558093179294506,34.64397862488553,37.70135683146121,2.429659618951564,0.2237989563321151,2.050539746943413,2.999635315956116,0.9928324784492786,0.0767947151671069,0.8921415349206369,1.248832101884929,1.7772326372104963,0.3708475564899835,1.3896098430795194,3.3901508495801047,97.36868916744315,True,96.72851598824262,True,95.08551169758128,True
xz,large.tar,43.48381103624526,1.4774316656365891,40.54958375670187,45.76141222524653,1.8707927089901444,0.0460081354233588,1.7768492332778154,1.951589927046132,2.302117227841674,0.054587670231008,2.195006220807256,2.4186330862192045,2.164405071935997,0.1226940892136327,1.902011963308757,2.4439882154614563,0.1032672655273964,0.0042995447846093,0.0937417898809512,0.1137707804232799,0.1558244358220611,0.0132487926356243,0.1361449374963023,0.1862567414198631,95.02250373102787,True,94.48002629948562,True,93.23125538797376,True
xz,misc.tar,22.796182332701008,0.7050350251409441,20.822548333465114,23.97015540915729,0.0877017816737641,0.002393629479808,0.0838318376266415,0.0921469537490674,0.1175283519941596,0.0056738531856701,0.1075282038880072,0.1289329430531278,4.575412930444974,0.1853988212314674,4.211812309134964,4.935207137735094,0.0204405746881513,0.0014039579902159,0.0166644189484126,0.0224403042658729,0.0506005030046406,0.0052700117479041,0.0371126116844407,0.0607131774535463,79.92903871504147,True,76.69309072398688,True,56.94613074540932,True
xz,silesia.tar,95.53194175596404,3.751598126579572,86.82564718503227,103.1962327293231,62.03549031069869,1.3487872076561744,59.35576814552268,65.16181474577381,78.13692790044962,2.0064810568582887,74.2609578725253,82.48879707438367,2.335103810624366,0.1839294941576565,2.1366831839592737,2.8829021241719213,2.6064017750679382,0.1641224945446963,2.3151976615079435,2.936515537103175,5.514215140076888,0.5028397277279545,4.566026381868158,6.535031371347369,97.55568266728068,True,95.7985311923642,True,92.94288208118154,True
xz,uiq-32.bin,121.11554824918274,5.032095782394012,110.0370048357983,131.9943984042983,73.05332134890742,1.7349794805602834,69.62217448325691,76.5935893524434,92.89907175696963,3.2415369587199145,87.10909592183197,100.288563209962,6.145847425326284,0.3122394157295841,5.503124347302553,6.876638777162765,10.532493996704044,0.8833470900867071,8.203085462268515,12.268758140873036,30.35147330045108,2.9596155661120096,21.65992852179236,34.53127118099771,94.92563298918333,True,85.58245702970825,True,67.3285505157117,True
xz,uiq2-16.bin,108.74763135178556,5.021848660455121,99.45093867715946,119.83536565420464,32.24949249110863,0.8268985856025161,30.562098024783086,33.60261501959327,42.41453800155316,1.9295932903972723,39.3949985480041,45.89705049893016,6.606519347133306,0.3219571680129913,6.050541408145925,7.464884325621431,5.007003026499522,0.4326619233221426,4.229278175033076,5.8854486030754,15.772180270545151,1.8745744860119489,12.14784763827639,19.26928001150901,93.92490736118933,True,84.47416489459492,True,62.81421179226898,True
xz,uiq2-4.bin,62.0921939483393,3.0885811896419164,57.38872605751186,68.13168877017002,4.342254886216267,0.1176873909224806,4.138301698625998,4.562105404880625,5.966032499167232,0.293412192368283,5.471507053620824,6.495094770470643,2.464285925942095,0.1437502913277094,2.2972325212494837,2.8496771205726588,0.2535990629478315,0.0166950484756106,0.2169134716269839,0.3063222101972104,0.4695443421282388,0.0773859785292312,0.3615230632360323,0.8263638479302167,96.0312468134201,True,94.1597379796189,True,92.12970525732503,True
xz,uiq2-8.bin,82.73089935552298,3.734865137118148,75.35349591094523,89.97907277095321,12.0181966519963,0.2942916577168368,11.466999154021542,12.73371524678677,16.512538234662948,0.945885510902526,14.895167885311531,18.600419569026325,6.476079989701571,0.3279063966686406,5.916300445768488,7.282810966979242,2.124824779741262,0.1953841856355304,1.7798587781415331,2.57181661765873,6.315723464806601,0.9330307430510644,4.772944674604035,8.014298003485269,92.17211460270528,True,82.3199366654704,True,61.75195251600568,True
xz,vmlinux-5.10.tar,28.54759279928092,1.025306255634926,26.05988948679181,30.91654965095173,1.8695710379973045,0.0443733868929898,1.769074640897076,1.9615797196703528,2.271365549405222,0.064706296962434,2.1471232821398343,2.400990423371051,2.0003808058790056,0.1189984516193225,1.7980215100123444,2.328231340652813,0.1518279833689075,0.0083913125532431,0.1382098127976193,0.1685291310515874,0.2356434071154612,0.0251575647037695,0.20313741644815,0.2924214256067446,92.99282142650783,True,91.8789936149446,True,89.62547410401788,True
z3,AUFNIRA_z3.637557.smt2,744.5213454703442,41.82727293510217,664.1945599419932,833.7760503588825,88.06849353059934,2.004920569215996,83.4500781471185,92.0741933201287,100.08334252015638,1.8874375053413508,95.85275214347908,103.55292069678696,0.3677007843295861,0.0133465851092295,0.3412316242504115,0.3997329002961083,0.2976927777777685,0.0202128482402327,0.2720739273927292,0.3456003300329996,0.5691235119762088,0.0318909340075072,0.5246699715153388,0.6427462038133557,99.95061245905619,True,99.66197584874739,True,99.43135041491885,True
z3,LRA_formula_277.smt2,11.11391859152351,0.3098988694010502,10.577555073333665,11.81991231155502,0.3165673673234088,0.0016518679363811,0.3125622211444707,0.3197848424514705,0.3227661662155306,0.0026229827757232,0.3187018584484383,0.327367067015629,0.3329424312502723,0.0258534801913799,0.2856231029534853,0.3985526590423721,0.009137157590758,0.0006548554816598,0.0078607260726061,0.0107627062706262,0.0161802794464931,0.0013385409855267,0.0126520217797594,0.0187240954167333,97.00427505826609,True,97.11367672921783,True,94.98699642648154,True
z3,QF_AUFBV_891_sqlite3.smt2,538.0897353725895,118.15277732426613,316.9326262290336,754.9985742108701,10.089861327760582,0.3433790021428607,9.147575446174772,10.799593485755109,13.30604129461587,0.7717928262871474,11.24825587275507,14.931503338899857,4.465928717303503,2.64104124971388,1.5908246775823471,10.40931735168029,0.4287155564723124,0.0647884002297684,0.291693729372939,0.5609100660065974,1.1783897811188642,0.2232728529592383,0.7365664679105067,1.5592920048622556,99.17004015803958,True,95.75102627731094,True,91.14394916543897,True
z3,QF_AUFLIA_swap_t1_pp_nf_ai_00010_002.cvc.smt2,13.038515194944097,0.4388243502615021,12.242838422671996,13.941297907230265,0.9605937538385584,0.0378244224057176,0.8887180602193837,1.04137984848294,1.1766540115355884,0.0393281545071572,1.0999421187047396,1.2758377518471749,0.423472256399315,0.0161152833135988,0.3824170251848936,0.4504057303768945,0.0362795764576454,0.001514118350884,0.0328031353135305,0.0385437293729378,0.0546373012515918,0.0022204298589229,0.0501451320237225,0.0588316421703662,96.75214355263762,True,96.22321337061882,True,95.35655335247722,True
z3,QF_BV_bench_3176.smt2,988.080500322402,58.28827080442297,863.5696110670647,1099.1135823145326,132.55347466517458,3.095920125604467,126.06447651722846,137.88853080764633,152.24825371887135,3.802316251372985,142.76394537428695,158.03284976013725,0.9033479065128636,0.0985847183350113,0.7385937151636444,1.2027778680329604,1.5115893270993817,0.4729471039606485,1.128717986798686,3.903254785478532,3.8979243834426183,2.597351133624503,2.9684069325208458,17.587775070414345,99.90857547474945,True,98.85963809630974,True,97.43975757473042,True
z3,QF_BV_bench_935.smt2,1679.54481576307,107.7551951303056,1483.4113806396313,1939.8705155311104,93.59159949391504,1.1402519999978438,91.61512266007172,96.0690879435933,97.51267375786855,1.5123451188858568,95.11454391381923,100.9848918253193,0.6861104749049766,0.0378827858287054,0.6147203301480829,0.7884058251585533,0.9851093344334536,0.0835926896171308,0.818502970297057,1.148515181518193,2.3128689984278803,0.1618409759165146,1.9075437078677693,2.6911257417460184,99.95914902249314,True,98.94743829600058,True,97.62813498051453,True
z3,QF_LIA_tightrhombus,73.77960950567523,8.80364835600604,60.78937717185223,90.95307725362622,0.5859810094271553,0.0270044684511845,0.5376286738132929,0.6360960013151093,0.7987565647510794,0.0230741218378716,0.7514235956375722,0.844996196683729,0.7803131194212709,0.124209185122904,0.6011815985249978,1.1690966170408617,0.0102444227172737,0.0006387935133545,0.0092065181518176,0.0113160616061618,0.0171202572915762,0.0009403347930176,0.0150515017260056,0.0188754608809689,98.94237293386428,True,98.25174834124941,True,97.85663642127167,True
z3,QF_LRA_clocksynchro_7clocks.worst_case_skew.induct.smt2,5.345909769679237,0.1722897209618723,5.0562330627681495,5.613445100150187,0.7366970606423913,0.0229138442937007,0.6946735174784106,0.7878689709980202,0.8737246530964515,0.0278870547043392,0.8215692277563496,0.9335097259676524,0.1203371351519275,0.0042049201787358,0.1092072493388239,0.1283206500847931,0.017172340942427,0.0005381851162471,0.0159217821782171,0.0180317381738173,0.0250247529875596,0.0012140547663839,0.0231486500686295,0.0272906463879353,97.74898678921872,True,97.66900916810324,True,97.13585362403674,True
z3,QF_NRA_hong_9.smt2,0.2115242511616697,0.0131233687559745,0.1881171061075239,0.2367695966522386,0.0091385067257248,0.0006011064736852,0.0081856259714256,0.0101083713736795,0.0157136708581946,0.002316382582871,0.0119564270096025,0.0202083143858198,0.2297280847702267,0.013452796931669,0.1967225340837627,0.248487195296103,0.0098959955995606,0.0005630959693295,0.0084896039603963,0.0108696369636968,0.0170581262385088,0.0016915952711492,0.0143073549019535,0.0203380895806051,-8.606026736217421,False,-8.288978676390052,False,-8.55595991825851,False
z3,QF_RDL_orb08_888.smt2,2.823422828190482,0.1317354959789557,2.6023169153437657,3.072814099216888,0.2596211870662808,0.008701960670712,0.2440855017168521,0.2745179153766328,0.3321071256090329,0.0109707583179967,0.3118026739735424,0.3508187847670213,0.399097416943531,0.0124033296935715,0.3758312774438428,0.4416304072103322,0.0402531554822144,0.0012894677515145,0.0373564906490654,0.0434473597359718,0.0534580392636248,0.0024192659321092,0.0482672861488468,0.0586584902089809,85.86476623484303,True,84.49542738130312,True,83.90337480245536,True
z3,QF_UFLIA_xs_23_43.smt2,36.475244808066016,1.5011237091819845,33.66241792656013,39.46593428115163,8.100376494942934,0.1817066941682075,7.779436631606469,8.521024616413138,9.76891565512422,0.2630525324595536,9.342560571185068,10.335761968327883,0.5531309028644428,0.0333020704893168,0.4930135142353612,0.6203791237655732,0.18192135038504,0.0168381201217873,0.1521323432343236,0.2095524752475278,0.384840835326377,0.0476530869185368,0.3000388131657961,0.4824719275272947,98.4835443716004,True,97.7541617911388,True,96.06055729302452,True
z3,QF_UF_PEQ018_size6.smt2,938.5203734254468,86.89831704149486,802.810856570769,1149.7300965129548,163.0064875884159,4.568623520771029,154.18464640272109,171.87745703741027,204.73820923042965,5.55896736957267,196.3925772102391,216.252452745995,0.526709223215767,0.0280589426380388,0.4373305115588661,0.5740318393946217,0.3512528052805395,0.0248329673191495,0.3086306930693218,0.4095123762376575,0.6484411411933917,0.0395049255720083,0.5767117708829043,0.7371947884138,99.94387876511477,True,99.78451605793295,True,99.68328279140921,True
